electricity_kwh,gas_therms,distance_km,vehicle_type,shopping_carbon_kg,total_carbon_kg
500.7,38.13,546.58,hybrid,168.38,885.76
459.59,23.46,667.56,hybrid,181.61,795.54
475.28,41.33,1000.63,none,183.54,839.86
423.91,39.79,663.52,sedan,169.59,889.91
595.68,72.48,1244.77,sedan,80.61,1236.84
294.43,18.72,413.32,suv,116.42,589.85
584.38,38.07,566.43,sedan,111.68,953.02
484.12,32.29,752.33,suv,155.68,960.27
339.73,21.84,214.78,sedan,94.02,560.97
241.4,16.87,540.39,none,122.23,433.73
263.32,19.64,742.3,none,198.87,545.23
349.78,22.96,546.97,suv,163.08,743.32
634.14,66.99,1422.68,sedan,135.34,1329.89
384.32,21.73,528.79,sedan,160.77,724.71
393.39,19.69,536.75,hybrid,123.11,643.07
381.57,25.86,717.12,none,62.85,550.94
467.88,30.68,741.31,sedan,75.48,801.99
321.5,20.57,225.09,sedan,198.49,643.8
641.49,44.21,779.59,sedan,80.34,1045.17
404.32,36.02,1462.76,sedan,154.05,980.24
279.6,30.41,562.46,suv,177.88,736.88
219.08,16.94,463.3,none,91.13,382.48
189.82,8.27,397.89,sedan,166.1,456.17
519.77,47.55,754.85,sedan,193.33,1059.39
846.55,94.09,1371.61,sedan,176.76,1701.14
362.48,37.97,615.05,suv,130.18,818.66
754.07,43.09,1014.98,sedan,98.78,1203.6
613.62,34.73,520.39,suv,117.54,996.23
240.91,21.39,552.24,suv,136.57,609.64
479.29,35.73,642.91,sedan,184.58,930.6
175.66,9.9,554.97,sedan,122.76,436.75
264.34,13.44,448.63,sedan,159.72,554.91
566.34,46.01,788.65,suv,137.84,1099.87
649.47,48.88,1235.21,sedan,76.23,1155.17
676.12,53.97,1571.95,none,136.26,1044.34
576.34,46.49,1009,sedan,118.1,1076.37
871.69,57.86,1560.28,sedan,132.91,1522.36
361.2,23.74,582.25,suv,59.27,662.98
284.47,8.66,328.54,suv,149.71,539.48
372.96,13.8,300.64,suv,170.28,661.71
583.3,36.19,546.54,electric,75.12,830.9
307.66,15.95,508.58,sedan,67.58,526.71
407.32,24.02,695.97,electric,100.92,637.76
392.27,13.9,252.02,sedan,136.53,616.45
442.67,40.65,1402.93,sedan,148.18,1023.38
464.8,28.93,453.57,sedan,151.01,813.61
374.26,26.96,596.25,hybrid,103.79,650.62
269.42,19.44,411.83,none,54.88,405.76
653.89,35.51,418.25,sedan,189.64,1054.7
617.06,39.57,526.75,suv,153.63,1062.75
442.78,40.77,1392.01,sedan,50,923.97
762.27,46.99,1383.87,suv,81.52,1377.81
323.31,10.01,332.89,electric,92.28,459.44
939.72,73.08,1411.69,hybrid,134.07,1527.1
406.04,19.89,465.11,suv,87.26,682.51
268.95,28.18,805,sedan,137.51,679.18
399.9,46.49,726.33,sedan,67.53,812.56
323.19,25.6,276.82,sedan,94.71,577.57
386.4,14.82,275.78,suv,192.15,695.15
463.33,39.28,525.26,suv,80.34,846.09
495.85,42.82,680.46,hybrid,84.3,835.48
856.45,84.6,1366.15,sedan,191.15,1673.35
200.14,12.14,382.94,suv,165.34,509.57
356.99,30.58,254.15,sedan,62.73,599
192.51,12.47,222.92,sedan,96.41,379.74
270.3,19.46,825.28,hybrid,101.49,535.86
408.21,24.3,648.78,sedan,188.13,809.25
358.65,24.78,286.84,suv,182.52,715.5
368.56,21.67,802.56,suv,133.96,788.51
557.04,34.42,442.6,suv,106.32,911.88
370.91,28.91,653.12,hybrid,85.63,645.39
555.58,34.97,1495.55,hybrid,92.23,938.24
378.62,20.93,483.04,suv,79.89,659.92
532.23,25.81,562.26,suv,158.52,925.52
257.13,23.66,428.74,suv,195.96,665.1
619.45,35.19,721.67,hybrid,92.12,920.67
517.72,61.6,1213.92,sedan,82.4,1103.7
305.36,31.11,857.41,hybrid,99.23,630.76
580.28,44.64,547.11,none,118.41,888.87
361.88,17.73,296.47,hybrid,123.45,580.01
638.02,33.36,875.41,electric,117.08,924.66
381.92,17.25,411.59,hybrid,118.75,602.7
190.33,18.67,403.6,suv,143.85,518.79
453.91,32.33,716.65,suv,82.37,850.5
609.66,50.62,790.38,sedan,60.76,1032.21
646.44,49.64,1650.33,none,123.89,981.73
508.61,37.61,517.61,hybrid,138.03,857.06
277.47,27.11,411.8,suv,100.29,602.18
656.96,40.95,663.4,hybrid,136.54,1024.3
499.83,32.47,1296.71,sedan,173.91,1039.24
484.31,44.11,555.73,suv,188.91,1007.17
379.78,29.55,289.48,sedan,171.92,730.03
919.05,76.08,1138.29,sedan,164.65,1618.3
546.3,52.15,1218.89,none,199.53,978.51
569.76,35.89,951.6,sedan,100.45,986.12
475.39,23.77,607.2,sedan,86.8,759.46
537.89,38.11,1551.23,sedan,92.86,1068.94
188.89,8.46,457.12,sedan,76.32,377.2
341.5,23.96,1013.83,hybrid,191.61,734.15
226.33,8.44,304.88,suv,125.7,454.85
606.88,37.7,1043.14,sedan,198.82,1144.71
1002.96,72.91,1724.97,sedan,61.91,1681.57
329.97,20.83,644.23,sedan,151.08,680.99
244,19.93,365.47,sedan,61.07,456.95
447,21.38,403.82,hybrid,167.11,732.07
223.3,20.29,433.59,suv,95.96,517.32
328.52,25.86,590.98,hybrid,62.04,560.41
395.5,36.22,421.76,sedan,126.67,758.41
565.55,26.48,680.02,sedan,190.78,973.81
615.54,48,597.75,suv,75.46,1045.59
381.42,22.39,936.59,electric,99.04,615.47
290.26,13.56,315.08,sedan,193.3,588.91
664.8,35.67,501.59,suv,105.88,1031.97
506.87,42.66,473.78,sedan,161.14,938.82
315.1,14.17,378.5,sedan,183.53,616.63
323.01,24.23,721.47,suv,163.91,769.86
645.34,43.02,678.09,sedan,67.27,1011.05
330.77,24.32,245.96,sedan,152.23,629.69
168.25,10.41,478.45,sedan,77.52,373.62
533.84,31.42,1060.65,sedan,102.17,950.77
518.24,31.22,494.97,sedan,56.13,787.46
374.1,23.57,336.93,sedan,56.9,586.62
359.39,33.07,537.31,suv,184.69,824.92
328.92,28.26,922.95,suv,70.89,754.02
389.07,24.92,609.31,suv,65.88,708.26
612.32,41.46,925.71,electric,67.73,897.1
482.61,27.18,851.25,sedan,181.79,923.09
391.95,26.04,623.36,suv,93.12,747.58
409.92,34.85,732.71,hybrid,127.22,762.35
813.87,67.77,917.53,sedan,58.07,1331.15
358.63,21.82,524,suv,194.4,770.97
485.62,42.64,687.9,suv,139.05,983.77
600.23,48.93,904.01,sedan,140.87,1115.11
672.88,46.24,951.63,sedan,62.02,1097.45
525.34,36.98,1055.63,sedan,131.17,1000.51
392.04,34.42,685.82,suv,191.26,905.83
518.39,34.95,1114.7,sedan,84.5,947.28
316.11,21.39,357.92,suv,193.41,687.1
346.6,23.2,980.13,none,128.14,569.99
581.17,43.79,898.33,sedan,181.6,1110.06
292.68,12.88,329.2,suv,167.78,587.63
283.99,27.32,886.62,hybrid,139.73,634.48
217.63,11.05,300.27,sedan,74.79,387.65
380.44,25.11,592.59,suv,171.06,802.3
292.03,32.29,879.13,sedan,92.89,690.95
407.32,19.78,485.59,sedan,56.05,623.01
516.71,30.64,755.27,hybrid,148.64,861.91
229.1,13.2,435.87,sedan,106.86,466.06
862.32,72.55,1744.64,none,175.83,1353.69
951.73,65.35,1710.17,hybrid,176.68,1569.65
574.04,31.43,627.63,hybrid,89.78,847.22
631.11,32.44,619.01,suv,111.22,1018.53
288.18,30.54,563.23,suv,192.81,760.63
600.04,49.86,492.64,hybrid,93.33,958.89
286.54,19.06,267.1,sedan,110.43,523.16
228.29,13.24,377.68,hybrid,187.14,505.12
174.19,17.5,430.27,suv,62.41,423
951.46,71.23,1359.27,sedan,120.41,1617.92
354.69,28.67,1129.62,sedan,118.21,799.84
679.89,42.21,674.3,sedan,148.95,1119.52
353.37,24.75,551.27,electric,196.38,680.2
379.84,30.5,697.42,none,179.71,690.82
411.58,20.1,468.4,suv,183.56,785.83
344.6,16.01,398.71,sedan,150.08,623.73
255.95,18.58,322.21,sedan,169.18,561.13
164.27,10.62,387.46,sedan,127.24,404.4
419.88,43.98,525.02,suv,66.48,817.1
471.8,44.98,497.69,sedan,90.56,852.58
267.71,18.45,922.49,hybrid,64.94,501.29
195.69,8.65,385.59,sedan,146.71,441.99
296.07,22.89,924.67,sedan,192.58,752.71
214.51,10.25,199.96,sedan,128.82,416.5
390.03,25.02,436.62,none,147.4,638.84
202.94,18.11,315.45,sedan,194.33,533.78
589.62,36.09,557.44,sedan,179.92,1013.98
290.09,11.32,310.23,suv,127.69,532.11
453.56,50.64,590.62,sedan,110.11,902.07
282.12,21.09,631.26,suv,63.81,592.94
303.55,29.87,492.88,sedan,147.65,673.95
310.26,16.31,375.06,sedan,55.16,494.54
343.18,28.98,661.42,hybrid,70.47,605.94
410.3,41.63,521.75,sedan,157.4,849.44
625.01,50.36,624.1,hybrid,182.63,1086.97
1077.7,74.95,1418.24,none,181.5,1570.24
172.09,9.49,242.4,sedan,157.62,409.86
710.79,43.38,825.93,sedan,68.82,1101.35
325.35,27.68,494.1,hybrid,108.64,604.08
299.84,15.2,413.18,sedan,192.92,623.73
662.71,47.15,936.79,sedan,148.75,1176.96
184.31,11.91,290.47,sedan,174.31,459.29
439.19,48.64,461.9,sedan,159.62,904.63
211.9,8.87,347.54,sedan,68.66,373.17
511.11,33.59,730.26,suv,104.03,934.85
513.56,39.85,667.73,hybrid,199.45,949.9
226.24,15.82,395.81,suv,142.04,532.97
395.19,31.43,994.63,none,179.91,710.05
509.44,36.85,986.4,sedan,181.85,1023.41
710.57,77.11,1074.13,suv,131.64,1462.6
368.37,19.22,768.95,sedan,196.07,775.25
325.84,12.1,312.92,suv,75.2,517.31
424.14,29.56,729.23,sedan,110.22,788.36
417.26,21.76,864.66,electric,60.23,602.69
234.64,16.56,214.33,sedan,181.13,523.34
185.83,7.97,413.8,sedan,129.64,417.34
510.3,28.57,549.48,sedan,157.86,877.65
826.48,74.92,1109.7,sedan,138.67,1495.87
396.24,14.28,231.09,suv,84.24,582.25
353.64,33.27,569.42,sedan,80.2,684.39
545.41,35.1,834.53,sedan,72.71,910.73
142.08,13.29,463.2,suv,171.78,488.74
520.84,34.19,741.76,suv,186.99,1032.79
473.93,28.59,685.07,sedan,194.5,905.34
502.9,45.94,910.53,none,74.39,780.53
269.96,24.67,325.52,hybrid,168.93,580.59
229.72,14.76,271.77,sedan,178.8,517.28
346.34,19.18,595.12,suv,60.96,630.03
283.96,23.34,364.54,suv,131.75,607.82
599.06,64.16,1538.12,suv,158.81,1434.54
273.46,15.13,384.81,sedan,174.94,575.96
293.68,28.65,702.34,suv,99.18,696.81
514.38,53.3,1445.95,sedan,114.07,1130.06
362.19,32.5,729.4,sedan,53.5,690.26
747.5,47.22,1448.25,hybrid,187.71,1270.5
305.71,15.81,422.78,hybrid,106.95,514.25
128.66,13.53,515.03,suv,169.8,488.65
589.39,43.62,504.81,none,95.64,869.03
579.32,51.53,542.42,sedan,79.71,983.43
555.68,45.78,650.19,sedan,107.03,977.94
529.81,49.8,703.61,sedan,141.19,1019.22
482.57,50.64,1119.94,hybrid,90.47,914.82
204.8,15.69,280.85,sedan,176.27,498.42
1074.56,76.86,1535.3,none,128.02,1523.99
227.09,10.04,243.46,sedan,151.45,457.41
232.64,14.35,307.46,suv,193.62,560.58
621.53,45.27,622.73,suv,89.61,1057.01
234.8,22.96,409.84,hybrid,180.59,559.3
633.85,34.44,558.24,suv,56.58,961.79
473.11,28.63,433.95,sedan,148.68,813.81
253.4,21.93,398.22,hybrid,109.4,498.56
512.45,44.76,549.78,suv,154.95,1001.07
769.66,64.36,1569.82,sedan,131.96,1463.72
523.16,46.2,646.32,suv,53.8,941.57
644.76,58.15,1371.75,sedan,56.86,1205.17
615.69,49.52,895.27,sedan,190.94,1180.96
490.12,41.91,981.07,suv,78,996.32
548.48,33.11,577.56,sedan,149.55,933.61
429.83,28.2,602.99,suv,191.44,887.09
264.81,14.55,535.44,sedan,63.01,480.12
475.4,24.95,440.97,suv,164.98,844.81
379.82,21.65,576.33,sedan,115.34,683.26
427.98,32.95,959.23,hybrid,130.01,794.32
533.79,31.54,499.25,electric,98.97,782.15
289.05,18.54,252.27,sedan,192.86,602.48
393.88,38.53,1449.99,sedan,152.49,980.09
197.32,13.05,537.76,hybrid,139.61,444.08
513.16,41.87,773.83,suv,159.43,1046.92
379.68,35.87,1012.13,suv,99.7,892.18
544.5,33.3,478.51,sedan,124.45,888.01
664.48,35.93,1066.2,electric,124.54,979.62
587.1,50.1,1077.23,none,83.57,889.25
490.66,52.02,1593.39,suv,87.5,1212.95
1069.85,57.68,880.82,sedan,172.32,1620.82
430.18,30.9,736.81,suv,154.58,898.31
166.53,15.52,470.28,suv,151.1,504.13
160.84,8.82,286.31,sedan,74.86,321.14
592.58,57.12,1553.87,sedan,162.45,1290.04
612.01,28.64,634.78,suv,187.18,1060.75
676.75,47.6,983.67,sedan,102.05,1154.02
483.18,32.95,491.52,sedan,63.31,770.91
348.26,32.5,589.27,sedan,77.17,675.89
441.01,38.62,992.49,sedan,100.55,889.6
256.7,20.2,418.1,sedan,125.47,543.95
389.47,26.23,954.96,sedan,114.37,783.59
371.28,14.71,276.86,electric,189.61,623.02
189.96,15.66,344.53,sedan,75.32,395.09
917.01,58.08,1395.78,sedan,157.77,1560.47
604.13,33.09,640.92,suv,178.07,1069.45
196.85,16.47,297.52,sedan,136.64,458.58
394.61,15.99,399.15,hybrid,133.52,621.24
393.48,31.09,605.88,hybrid,179.42,766.8
264.55,16.5,430.25,sedan,126.17,534.44
413.43,23.46,603.58,suv,145.65,801.26
387.88,36.54,557.52,sedan,147.12,797.99
458.42,36.51,820.74,sedan,71.39,834.35
630.55,38.24,582.43,sedan,100.9,988.5
1036.55,94.37,1693.91,sedan,86.22,1844.93
590.54,40.82,1066.67,hybrid,194.42,1060.75
615.5,52.55,1300.28,none,117.87,962.63
620.19,46.85,895.22,hybrid,56.02,964.43
584.13,47.11,1300.46,none,127.1,914.19
532,33.7,869.44,electric,181.7,893.22
310.7,16.26,405.38,sedan,151.54,596.54
463.39,33.14,498.14,sedan,104.64,796.29
565.35,37.03,723.97,suv,147.49,1044.87
451.15,33.92,1051.01,sedan,57.25,841.29
645.6,47.82,479.33,suv,73.43,1040.67
450.49,38.55,876.47,none,185.17,803.92
355.01,16.1,287.2,hybrid,76.56,517.22
463.48,37.21,1300.63,sedan,159.9,1017.61
639.6,45.22,659.07,hybrid,152.03,1046.04
609.81,35.71,854.88,suv,178.18,1142.17
450.67,16.21,311.04,suv,118.7,697
418.1,30.72,453.72,suv,135.89,796.78
428.5,41.16,913.11,sedan,171.77,948.49
783.84,79.17,1174.45,sedan,151.06,1503.2
486.28,53.28,1455.8,sedan,86.35,1078.14
226.4,12.43,472.92,hybrid,174.13,495.6
850.87,73.87,1443.29,none,84.3,1258.6
241.56,20.61,249.46,sedan,186.41,562.77
236.5,21.19,486.57,suv,184.49,636
415.22,27.12,582.09,sedan,153.26,783.8
881.3,58.35,1573.47,hybrid,66.61,1344
451.88,29.2,587.31,sedan,134.88,811.11
794.43,73.57,1152.17,sedan,175.57,1503.76
335.01,21.54,563.55,suv,190.32,753.61
779.03,62.44,1537.3,sedan,153.18,1477.52
908.24,61.72,1119.43,sedan,189.32,1553.49
526.36,39.1,623.78,suv,130.39,977.8
489.52,25.16,620.75,electric,142.72,757.47
259.95,14.5,329.28,hybrid,132.04,480.98
241.32,29.24,691.02,sedan,174.53,675.93
420.11,31,837.02,hybrid,92.87,727.36
296.82,17.93,275.21,sedan,125.09,542.71
317.73,26.66,447.98,hybrid,146.3,624.69
581.17,48.4,1368.85,none,100.89,892.09
436.54,32.51,805.54,sedan,101.06,819.98
284.45,22.5,544.44,hybrid,189.41,624.82
297.28,10.53,377.24,suv,146.42,570.03
332.26,17.99,592.92,sedan,180.94,688.7
379.93,16.62,175.58,sedan,62.24,531.44
458.05,31.66,460.43,sedan,169.91,841.97
611.45,74.47,1541.91,suv,57.08,1399.77
648.51,47.41,529.74,none,141.78,989.69
586.71,47.43,876.25,none,61.66,852.82
644.71,40.51,1620.74,none,123.82,931.66
459.82,34.35,649.31,none,95.69,700.8
457.11,33.29,855.61,hybrid,97.33,779.86
249.96,11.64,422.2,hybrid,85.72,419.57
536.41,50.96,1350.11,sedan,84.33,1090.95
401.16,24.57,761.17,suv,154.19,843.78
395.34,34.38,641.62,none,190.92,736.85
913.48,66.62,1272.67,none,196.48,1389.99
704.12,56.06,1110.42,sedan,190.39,1335.16
256.28,10.28,488.01,sedan,52.2,430.33
488.56,38.15,564.07,suv,105.97,898.67
638.77,40.2,1276.99,sedan,87.39,1117.97
885.05,58.77,1149.62,suv,151.32,1564.47
334.61,26.26,395.04,hybrid,194.67,681.17
642.23,42.14,1269,sedan,151.43,1194.04
174.77,12.96,518.94,none,114.55,344.04
314.02,29.8,471.75,suv,82.03,646.79
424.34,28.86,722.91,suv,148.72,872.77
248.22,13.36,333.77,sedan,174.28,533.51
1072.25,65.36,1610.67,suv,81.25,1816.78
312.55,14.69,517.42,sedan,190.15,648.69
182.23,6.81,424.09,sedan,194.52,474.61
837.92,62.61,1010.98,sedan,81.67,1366.34
406.1,33.38,1129.76,sedan,80.88,834.77
166.88,16.39,304.68,hybrid,80.3,351.17
793.1,86.09,1405.69,suv,90.58,1627.93
509.62,38.22,456.43,hybrid,65.27,782.32
299.75,16.82,355.3,sedan,191.17,620.02
259.3,10.51,471.69,hybrid,164.09,505.49
374.97,36.22,537.68,sedan,84.66,718.36
365.88,28.71,773.03,sedan,185.01,812.94
231.68,13.03,535.02,suv,90.74,506.73
339.63,30.09,708.02,suv,97.83,746.77
197.87,11.73,369.78,sedan,86.8,397.58
450.13,29.56,755.91,suv,65.21,824.98
179.73,12.38,207.01,sedan,111.65,379.89
220.14,23.79,523.66,suv,196.01,655.54
503.08,37.35,556.34,hybrid,163.14,879.56
484.35,40.41,581.09,hybrid,51.82,769.72
249.64,19.85,268.41,sedan,148.81,531.97
301.73,33.06,703.77,sedan,87.77,667.24
340.77,26.31,1012,suv,133.47,839.41
214.05,12.16,481.38,sedan,61.35,409.4
754.32,56.84,1217.05,sedan,62.03,1276.33
372.59,18.88,570.01,suv,143.07,728.44
235.97,16.32,254,sedan,99.7,449.04
368.94,28.82,724.36,suv,145.01,818.28
247.83,10.15,282.59,electric,51.63,347.56
321.85,18.82,319.66,hybrid,159.3,587.11
582.66,44.48,537.65,suv,90.43,996.61
195.54,15.22,406.65,hybrid,185.92,487.17
731.78,48.68,982.91,sedan,170.36,1278.53
569.76,40.36,582.27,sedan,172.06,1014.94
187.54,20.16,306.58,sedan,61.68,396.23
393.89,31.38,812.87,sedan,59.04,734.03
608.13,43.23,929.45,sedan,164.55,1120.45
828.71,66.39,1456.05,sedan,60.09,1436.49
723.81,58.9,1742.1,hybrid,55.09,1207.38
500.18,23.54,775.99,sedan,57.59,782.19
401.87,32.67,537.54,hybrid,157.64,754.25
364.19,33.85,915.85,sedan,166.02,845.34
596.15,50.61,694.2,suv,170.4,1160.63
310.55,21.32,573.56,none,77.83,476.51
201.33,15.09,462.24,suv,55.3,436.08
528.81,55.46,701.21,sedan,184.08,1090.75
209.01,10.21,273.58,hybrid,109.9,383.68
915.16,89.26,1203.67,sedan,53.36,1585.06
378.76,21.48,794.28,electric,125.38,627.38
304.98,14.19,362.66,hybrid,71.38,463.45
446.68,34.22,917.98,none,133.67,725.99
725.87,73.88,1259.22,suv,101.61,1475.79
223.98,8.89,306.14,suv,125.29,454.99
1005.63,72.79,1381.26,sedan,120.68,1680.25
538.6,33.18,890.93,sedan,88.96,920.7
301.76,10.74,260.19,suv,137.5,537.07
587.21,51.87,968.48,suv,131.21,1188.45
274.9,12.98,365.73,sedan,178.97,566.52
365.4,32.23,336.21,sedan,106.44,673.93
825.71,73.8,1217.8,sedan,167.05,1537.05
393.01,26.89,710.48,none,134.34,638.45
281.74,24.58,329.81,sedan,60.91,509.77
490.26,47.88,780.86,sedan,66.59,911.95
301.19,21.92,535.44,none,176.72,569.97
239.28,10.71,200.18,sedan,50.17,363.09
171.62,16.16,513.9,suv,151.86,523.89
844.72,76.66,1175.7,none,107.65,1291.1
620.4,38.19,554.5,sedan,177.59,1050.6
556.06,40.52,1285.65,none,110.8,837.12
189.24,17.84,339.71,sedan,183.23,513.05
379.37,26.34,582.65,none,132.01,620.61
481.87,30.07,833.28,sedan,85.16,837.82
332,23.44,357.89,sedan,103.4,597.51
399.14,22.73,587.21,suv,170.45,804.93
902.83,66.16,1301.01,sedan,69.36,1484.81
144.43,8.25,359.7,sedan,196.75,438.11
510.17,44.09,915.09,suv,142.57,1074.4
265.19,16.95,380.77,sedan,128.39,530.71
537.94,29.24,1018.96,electric,95.7,796.53
172.2,14.38,372.29,suv,174.27,501.98
289.45,17.88,250.22,sedan,96.81,502.94
173.17,11.17,380.78,suv,175.12,488.82
199.44,10.7,368.01,hybrid,86.1,363.12
568.18,41.79,1417.83,none,199.24,943.45
205.89,17.99,511.83,suv,170.57,583.31
243.99,18.43,320.54,sedan,77.18,457.02
1076.97,67.57,1705.82,sedan,172.86,1828.85
640.99,46.42,957.37,sedan,129.3,1137.35
255.58,24.1,487.14,suv,91.76,576.41
364.97,21.47,841.73,suv,192.97,852.94
302.6,16.95,389.72,sedan,115.88,554.24
259.81,9.72,326.38,suv,93.58,465.72
958.26,69.2,1117.25,sedan,66.59,1516.04
366.14,20.15,411.59,hybrid,153.82,638.65
709.48,45.56,1049.1,sedan,90.7,1173.75
481.59,47.85,963.28,hybrid,154.34,947.35
492.1,35.91,1051,hybrid,140.12,888.27
278.17,22.96,1075.76,hybrid,136.35,621.52
345.12,28.56,384.65,suv,134.75,699.78
604.68,53.55,1182.75,sedan,145.1,1198.12
470.28,36.01,580.86,hybrid,117.77,799.37
660.68,47.41,796.17,suv,194.52,1252.68
163.25,14.5,321.07,sedan,102.13,386.99
337.87,28.38,564.17,none,68.31,529.53
287.51,27.38,484.58,sedan,65.8,562.65
192.73,14.85,394.34,suv,167.57,522.18
206.45,12.15,388.71,sedan,181.9,506.21
399.84,35.43,741.33,suv,53.93,794.91
348.65,29.58,544.2,suv,138.93,752.54
286,20.2,503.05,none,152.77,522.94
333.39,30.69,504.65,sedan,81.18,641.38
683.19,35.76,1267.87,suv,167.03,1302.08
176.3,14.08,302.62,sedan,165.42,456.71
372.75,12.55,325.36,electric,163.18,588.88
343,24.18,663.95,sedan,184.78,747.99
193.13,9.1,367.4,sedan,149.25,441.28
601.7,44.86,812.48,sedan,76.15,1013.73
368.69,30.47,666.64,hybrid,92.37,659.7
383.05,23.92,811.35,sedan,172.7,797.9
243.49,18,249.66,sedan,137.19,501.56
882.1,64.79,1300.49,hybrid,179.68,1464.67
474.93,43.21,1460.3,none,112.84,778.79
215.86,15.11,255.82,sedan,69.72,394.45
494.6,34.1,598.86,suv,195.6,981.07
652.96,44.54,622.26,suv,189.88,1182.25
254.39,10.8,322.43,sedan,123.18,472.47
341.68,35.01,536.3,suv,161.59,795.56
437.27,43.64,848.49,suv,141.89,987.57
782.91,75.17,1715.14,none,188.84,1307.53
643.05,47.86,902.03,sedan,70.63,1078.27
611.6,42.49,758.73,suv,173.54,1151.08
398.94,14.79,269.91,electric,76.62,535.53
390.2,22.97,793.8,electric,154.24,674.64
555.31,45.51,452.36,hybrid,144.97,942.3
545.12,52,639.83,sedan,87.27,979.53
205.84,19.1,468.26,suv,142.31,549.99
362.74,26.13,483.03,suv,154.84,747.79
573.65,41.64,581.5,sedan,173.49,1026.63
250.79,22.46,336.4,suv,87,520.84
744.29,72.68,1427.38,sedan,99.83,1426.72
222.43,14.04,573.49,suv,184.33,606.74
148.71,11.16,462.31,none,121.99,317.95
494.84,42.2,524.48,hybrid,103.41,834.76
451.48,45.67,740.99,sedan,142.92,933.73
617.05,30.36,514.43,suv,125.09,982.29
366.01,24.48,705.29,suv,196.38,839.18
870.25,63,1244.58,none,117.58,1252.13
945.69,54.27,1162.29,suv,192.39,1640.63
349.25,24.47,879.8,none,107.13,558.14
831.21,87.97,1677.45,none,127.83,1358.78
533.03,49.54,704.88,sedan,142.25,1022.1
530.24,42.08,885.73,sedan,142.57,1012.84
252.44,8.97,267.16,suv,151.12,497.72
363.98,19.08,479.36,sedan,150.14,672.42
590.09,30.06,712.83,sedan,96.08,926.61
297.86,13.96,424.62,sedan,123.89,548.32
367.32,22.47,581.45,sedan,132.85,694.54
650.82,52.8,1234.12,hybrid,97.29,1099.31
564.79,47.44,1440.84,sedan,54.07,1084.44
410.78,19.47,405.32,sedan,163.47,717.54
578.55,48.93,920.14,sedan,143.7,1100.9
445.19,40.05,1007.34,suv,87.85,961.54
552.65,43.03,624.86,hybrid,113.56,912.53
207.31,12.18,412.87,hybrid,51.65,348.21
505.49,31.98,1717.73,hybrid,129.34,935.68
434.17,46.64,1059.64,sedan,53.32,890.68
345.32,27.95,583.59,sedan,122.88,693.74
679.72,49.33,962.21,sedan,99.18,1159.17
382.98,20.15,398.62,sedan,197.7,728.59
183.62,13.31,341.18,sedan,68.44,369.31
502.07,38.6,853.79,sedan,55.5,875.65
387.26,25.76,698.21,electric,76.53,604.25
541.82,55.05,549.3,sedan,56.47,945.59
403.93,27.94,517.57,none,149.97,669.69
321.65,22.31,365.3,suv,188.96,694.42
163.74,12.56,415.63,suv,182.93,504.05
508.47,44.38,671.51,sedan,62.33,886.19
434,27.56,470.18,none,87.26,632.6
324.96,20.68,1067.43,electric,123.06,585.02
308.63,21.53,633.57,sedan,162.24,674.35
163.36,12.7,361.3,sedan,132.88,415.49
189.76,14.02,260.99,sedan,172.49,468.36
524.05,42.49,1508.35,none,144.84,852.15
305.54,20.52,396.93,suv,115.87,604.96
872.13,50.12,1257.47,sedan,143.49,1437.85
299.64,23.44,917.38,sedan,138.75,703.76
393.65,24.16,898.82,suv,74.94,789.86
299.54,14.91,514.02,hybrid,129.06,535.04
711.41,45.71,1372.19,suv,110.41,1350.2
514.6,56.22,1239.81,suv,139.41,1220.76
251.21,11.48,490.57,sedan,81.8,462.06
378.44,16.95,358.37,sedan,130.7,633.24
937.85,60.55,1337.3,suv,112.76,1630.83
378.09,27.11,727.88,sedan,101.82,724.34
303.04,12.33,495.7,sedan,82.36,515.75
281.3,12.08,354.21,sedan,66.73,453.28
230.8,7.86,311.29,electric,117.27,386.83
209.21,9.98,509.9,sedan,122.6,459.74
381.67,23.6,889.2,sedan,150.18,786.47
196.51,12.27,425.52,hybrid,133.13,421.47
711.61,93.35,1227.74,suv,166.33,1622.67
261.97,18.96,414.56,suv,111.14,556.28
506.59,41.03,869.16,hybrid,113.26,883.67
653.4,37.84,1080.3,suv,124.44,1196.21
472.44,32.01,672.31,electric,54.74,692.67
438.41,29.18,739.16,sedan,136.08,827.13
501.39,31.45,668.28,suv,197.06,992.08
462.42,41.15,696.16,sedan,107.24,876.1
733.16,49.09,1079.29,sedan,83.91,1212.89
387.15,46.09,556.45,sedan,60.15,760.79
415.59,46.6,499.86,sedan,166.33,885.61
624.13,52.82,1744.38,sedan,101.45,1269.6
901.29,62.76,1123.53,none,163.27,1325.1
370.6,17.99,1061.07,sedan,69.33,696.62
734.02,52.75,912.15,sedan,50.03,1169.12
165.03,12.77,355.51,sedan,118.69,402.17
297.32,18.74,727.77,suv,90.11,644.93
334.61,27.87,606.93,suv,182.44,789.72
598.31,47.3,725.08,suv,129.74,1112.14
296.23,16.45,560.28,sedan,144.71,605.29
193.05,13.43,520.76,none,179.02,427.79
544.83,32.39,598.93,sedan,137.68,918.38
897.34,59.45,1201.17,sedan,133.96,1490.83
912.63,63.07,911.14,sedan,198.03,1535.94
632.36,44.59,1054.03,none,83.07,901.16
880.48,61.08,1747.42,hybrid,195.66,1504.16
326.9,27.74,299.66,hybrid,148.52,626.28
401.43,26.85,1142.97,sedan,127.7,845.05
801.97,56.45,1339.3,sedan,73.08,1351.18
529.32,28.7,743.63,electric,95.47,771.76
320.45,23.34,416.51,sedan,145.26,638.76
602.4,50.97,1148.86,sedan,113.78,1144.94
390.21,50.42,1386.45,suv,112.27,1085.13
307.66,15.4,275.09,hybrid,64.54,456.74
224.88,18.06,258.73,sedan,67.63,416.8
547.5,28.98,427.92,suv,170.67,934.93
234.91,12.9,443.16,sedan,174.43,538.69
199.79,11.14,528.28,sedan,110.03,447.97
616.98,47.35,1211.61,hybrid,186.62,1126.36
1041.36,75.94,1305.94,none,67.03,1427.55
856.53,54.47,1386.73,suv,74.22,1497.58
333.29,13.88,395.04,sedan,70.49,521.79
427.94,32.97,770.16,hybrid,164.99,810.44
696.87,31.61,692.8,sedan,75.64,1009.01
585.02,43.16,879.07,sedan,59.55,984.77
512.54,49.99,439.64,sedan,83.8,899.4
288.19,30.54,556.26,sedan,69.84,596.99
245.84,21.65,337.21,sedan,142.73,544.35
817.07,61.16,1081.67,none,56.31,1132.18
363.13,30.2,704.51,suv,162.68,832.95
436.97,39.11,513.18,suv,139.3,876.9
479.15,28.26,910.83,suv,79.47,897.78
421.5,24.11,497.33,suv,87,726.87
393.52,21.15,679.23,suv,128.22,772.16
416.34,16.28,318.5,suv,53.54,602.48
538.61,47.78,696.05,hybrid,56.74,875.1
284.63,24.56,350.68,hybrid,186.38,613.48
257.14,18.17,344.39,sedan,60.59,455.45
230.25,8.73,288.43,suv,72.04,402.24
803.11,74.75,1437.05,sedan,81.06,1474.75
533.15,45.75,677.49,suv,62.09,964.42
731.46,53.7,1241.05,hybrid,154.44,1236.1
415.32,31.11,847.34,sedan,97.54,797.03
528.18,49.35,761.85,sedan,197,1081.6
567.65,37.66,1695.84,sedan,120.69,1147.81
574.73,32.76,997.02,sedan,132.63,1014.5
627.07,51.96,915.08,none,130.41,982.7
246.27,11.82,267.39,sedan,176.65,514.01
327.22,21.97,340.3,sedan,119.6,598.36
451.91,21.49,613.28,sedan,111.04,751.07
329.49,20.18,911.81,hybrid,186.92,688.19
593.29,41.9,1063.71,hybrid,120.32,994.61
210.65,15.23,340.23,sedan,196.85,532.61
260.78,23.9,335.31,sedan,68.37,495.34
301.69,35.89,681.31,sedan,183.12,773.54
270.61,10.93,254.37,sedan,110.99,463.66
608.61,30.93,1070.61,sedan,124.27,1040.86
327.61,31.3,693.77,suv,57.44,698.18
341.12,17.14,408.93,sedan,165.36,643.65
388.68,16.2,549.03,hybrid,168.89,667.23
368.14,24.65,580.85,suv,124.59,739.1
642.09,45.07,1099.52,sedan,126.33,1153.86
183.89,8.95,489.13,sedan,101.87,406.54
355.04,27.63,873.78,sedan,145.12,775.48
221.51,14.6,268.65,sedan,95.21,424.76
229,9.21,512.2,sedan,68.83,420.51
726.55,52.28,1596.66,sedan,73.59,1306.5
563.15,36.93,436,sedan,172.76,965.06
314.22,13.12,475.48,hybrid,188.11,594.3
224.71,15.23,370.12,none,77.85,365.31
228.29,12.17,297.61,hybrid,136.75,441.05
470.73,42.74,805.1,sedan,55.85,860.37
461.85,47.71,1273.06,none,194.16,871.94
335.1,23.49,428.03,suv,113.5,653.31
441.65,33.32,1049.84,sedan,146.59,918.46
542.15,39.46,670.58,suv,176.14,1051.72
792.65,73.35,1517.58,sedan,58.19,1449.33
187.9,18.12,275.77,sedan,106.56,425.12
320.2,27.71,724.92,sedan,157.42,729.38
634.63,47.5,506.06,suv,61.55,1023.65
380.69,20.93,657.57,sedan,169.91,749.44
443.16,26.93,561.64,suv,70.14,761
348.97,18.33,604.19,sedan,104.15,631.07
412.48,33.05,872.66,hybrid,81.6,723.5
561.13,37.97,721.71,suv,166.52,1064.41
411.42,26.45,855.29,hybrid,123.84,728.08
691.45,42.85,769.31,suv,56.36,1111.93
285.21,18.08,555.98,sedan,162.12,620.39
641.5,30.26,521.95,suv,171.04,1052.09
490.95,56.27,990.57,hybrid,146.35,995.3
405.82,24.79,876.62,electric,69.25,617.81
317.45,26,469.8,suv,88.94,636.22
454.43,24.92,786.4,hybrid,194.54,823.33
759.18,68.5,1480.21,sedan,126.04,1453.97
583.8,52.58,1689.98,sedan,163.51,1283.48
200.4,13.8,241.15,sedan,50.23,351.15
385.22,29,818.95,hybrid,69.74,659.73
299.73,10.12,331.44,suv,61.34,473.6
263.34,12.13,322.5,sedan,118.94,483.56
788.74,52.11,1218.53,hybrid,81.9,1205.59
352.5,20.14,502.54,suv,168.89,725.56
313.31,29.04,513.47,sedan,170.96,705.54
483.86,32.14,795.47,electric,86.04,741.33
643.19,27.37,716.4,sedan,53.56,919.28
272.95,22.8,351.11,sedan,189.73,624.87
520.78,52.7,501.04,suv,72.07,955.78
568.64,43.63,988.04,suv,173.01,1174.39
333.95,19.73,810.54,sedan,182.13,739.83
300.6,30.86,744.52,sedan,68.23,642.33
687.99,41.24,675.08,suv,149.15,1169.47
320.05,16.49,471.46,sedan,110.48,577.21
350.21,31.42,457.52,suv,131.34,734.46
632.23,40.04,750.8,sedan,199.66,1128.64
168.7,8.79,461.29,sedan,98.78,383.61
716.89,43.36,1336.81,sedan,71.3,1201.29
263.67,11.14,458.6,hybrid,174.13,521.63
427.55,46.77,501.3,sedan,194.61,926.09
271.97,24.31,424.84,hybrid,165.8,587.37
559.37,48,578.01,hybrid,111.65,938.49
313.38,34.56,753.46,sedan,158.01,765.13
319.04,23.34,712.36,suv,85.65,680.93
459.56,31.18,868.74,none,60.14,648.19
368.12,31.86,776.95,sedan,189.21,836.59
363.54,23.71,765.55,suv,172.2,823.74
250.62,20.06,278.05,sedan,86.17,473.1
173.04,17.05,377.78,hybrid,72.82,360.15
386.37,29.96,912.86,sedan,193.97,872.53
343.95,37.14,1112.22,hybrid,67.75,692.23
353.97,22.27,393.32,none,142.52,586.21
509.31,39.28,1121.26,sedan,151.1,1029.65
546.61,30.79,655.08,suv,126.33,956.18
418.3,35.66,896.11,hybrid,84.16,747.61
266.72,17.41,558.44,hybrid,128.85,522.38
634.84,63.12,1417.42,sedan,60.1,1233.8
819.3,88.41,1314.74,sedan,162.23,1621.21
327.14,26.06,393.84,sedan,75.98,585.94
151.22,7.47,273.69,sedan,152.03,379.99
618.63,43.88,706.01,suv,75.1,1053.28
658.35,48.87,459.12,suv,155.77,1135.27
241.36,11.59,545.27,sedan,91.34,472.96
173.95,15.25,372.25,sedan,197.54,505.4
501.37,30.48,710.84,electric,64.16,722.51
603.42,39.97,581.3,none,138.86,905.82
211.03,9.97,464.75,hybrid,139.54,433.03
257.42,27.91,550.15,sedan,72.28,556.08
403,37.6,613.6,sedan,78.8,759.31
700.64,71.82,1225.7,sedan,144.89,1390.75
555.74,46.06,925.43,hybrid,123.33,971.3
449.43,33.95,828.89,suv,70.3,870.94
347.17,28.06,465.15,hybrid,165.42,680.05
450.33,47.86,688.35,sedan,71.18,863.03
634.59,45.67,827.13,hybrid,137.07,1045.63
339.11,22.68,475.75,sedan,117.11,634.96
390.23,21.11,632.24,hybrid,177.67,711.8
569.59,39.25,598.45,suv,157.16,1038.83
641.46,35.29,516.65,sedan,54.68,924.85
550.01,39.83,737.35,sedan,64.08,913.88
426.46,30.98,1118.52,sedan,185.36,943.23
377.26,33.04,651.08,suv,166.7,851.65
180.51,7.81,322.09,sedan,160.63,426.06
619.22,42.6,825.97,sedan,166.71,1110.84
342.19,14.69,398.54,sedan,146.72,611.13
371.37,36.87,425.43,sedan,118.75,732.37
629.24,47.79,652.68,suv,148.93,1144.31
220.88,10.88,222.07,sedan,185.26,486.09
309.54,29.7,602,sedan,177.5,728.03
450.89,25.21,438.65,hybrid,71.34,663.61
300.05,26.61,810.25,sedan,129.68,692.62
397.48,17.52,549.68,hybrid,87.45,600.98
588.61,41.02,634.36,hybrid,183.81,1006.16
214.61,7.91,316.1,electric,162.86,418.04
512.43,35.2,577.11,hybrid,191.07,906.78
424.83,36.87,659.08,sedan,84.09,788.96
427.17,25.09,530.81,suv,129.7,788.39
650.01,45.8,564.77,hybrid,54.38,951.6
971.67,65.91,1126.94,sedan,75.17,1521.28
155.2,14.53,560.87,suv,72.04,432.08
268.14,20.23,373.81,suv,158.41,605.75
840.76,57.78,1016.72,sedan,117.51,1380.27
765.32,34.54,655.9,suv,78.28,1129.42
664.22,49.37,1668.75,none,88.43,961.2
272.61,15.89,527.41,sedan,75.75,505.7
168.84,11.93,315.61,sedan,137.88,413.27
332.09,18.79,656.69,electric,128.96,566.89
487.43,34.32,1603.09,none,186.39,816.75
336.22,21.33,873.59,suv,88.84,729.62
860.28,57.26,1171.28,sedan,56.04,1361.79
180.63,12.72,357.61,sedan,90.71,388.66
459.16,23.25,684.06,suv,135.43,852.11
277.68,18.25,642.16,suv,197.85,710.57
653.45,37.73,608.01,sedan,117.36,1027.94
411.11,34.69,1274.76,sedan,96.02,887.55
345.17,25.44,509.63,hybrid,187.74,691.08
568.42,34.07,1405.31,suv,123.23,1178.09
365.12,24.29,715.44,suv,61.55,705.07
521.4,44.71,865.32,sedan,133.28,1005.68
311.99,20.16,180.19,sedan,100.83,527.12
348.41,17.41,539.82,sedan,164.06,674.02
228.55,17.49,336.32,sedan,185.36,548.85
639.41,63.36,1102.76,sedan,164.15,1286.72
700.82,34.88,929.39,sedan,62.62,1059.51
522.86,32.21,892.2,sedan,145.46,957.78
287.87,21.5,304.37,sedan,51.7,485.29
1023.92,62.2,1217.13,sedan,61.11,1551.87
280.66,28.3,312.41,sedan,113.63,578.06
291.97,23.93,815.02,suv,173.36,772.55
231.27,8.26,245.65,suv,71.12,389.06
662.6,50.02,845.01,sedan,170.78,1197.58
541.38,39.64,1791.37,hybrid,102.61,989.89
165.45,8.88,531.57,sedan,130.35,425.29
350.99,18.37,719.1,electric,132.14,588.39
584.78,27.94,684.85,sedan,84.72,894.06
368.82,31.02,885.8,suv,146.14,871.34
181.21,13.81,240.17,sedan,74.55,357.67
625.75,32.66,804.56,suv,172.36,1122.3
469.97,20.71,868.93,sedan,90.72,789.29
337.87,38.21,1081.09,hybrid,168.29,789.77
558.1,52.48,840.75,sedan,56.29,999.24
390.03,16.12,893.93,sedan,95.96,701.11
215.32,15.57,362.65,sedan,56.47,402.39
400.29,42.1,1086.83,hybrid,182.93,882.99
263.35,26.66,1167.91,sedan,50.74,644.54
289.03,13.56,248.45,sedan,56.75,439.26
269.3,25.6,496.36,suv,77.12,584.66
344.53,16.45,339.29,sedan,133.01,598.25
294.6,28.63,431.89,sedan,104.01,604.5
276.03,18.49,535.2,sedan,122.68,570.94
613.68,40.9,591.57,suv,138.62,1067.87
204.31,12.25,510.61,sedan,191.2,536
231.33,12.01,545.1,sedan,60.36,434.97
391.65,37.83,623.89,suv,51.76,768.56
510.76,47.97,700.98,suv,50.91,950.29
217.63,10.48,338.45,sedan,91.8,408.5
956.55,52.74,1001.78,sedan,131.4,1471.27
528.92,32.14,1281.72,sedan,88.97,976.66
999.35,68.02,1428.58,none,167.95,1447.84
368.61,30.1,886.78,sedan,166.98,825.24
235.64,13.21,337.4,sedan,69.75,417.31
286.57,15.55,525.45,sedan,80.94,521.59
684.26,37.46,514.4,sedan,142.68,1063.3
387.77,27.22,487.21,sedan,179.83,768.56
151.85,10.31,345.66,sedan,86.29,342.87
430.38,39.94,1353.9,sedan,77.65,929
325.72,28.41,516.44,hybrid,55.84,557.7
368.41,26.97,1091.07,sedan,85.97,764.24
645.32,38.35,803.9,sedan,134.87,1076.51
355.22,30.84,1007.64,sedan,93.26,764.9
419.68,23.53,1070.37,sedan,180.09,883.56
642.89,42.95,747.7,suv,100.7,1106.73
461.18,42.32,1159.67,sedan,84.56,941.87
696.45,67.66,1371.44,none,102.04,1101.36
254.96,19.58,964.06,none,189.08,527.43
497.61,44.11,822.43,sedan,52.49,892.1
256.08,23.41,263.5,sedan,133.33,540.44
444.21,21.62,586.69,hybrid,58.67,640.59
623.96,46.32,1292.99,sedan,183.67,1235.93
360.18,25.15,645.48,sedan,149.53,730.35
156.17,6.91,295.93,sedan,60.81,294.38
240.6,13.44,471.52,sedan,114.34,491.82
381.94,34.87,1568.65,sedan,113.93,932.48
662.6,55.99,1692.78,sedan,197.17,1408.22
548.91,30.8,762.44,electric,190.54,896.91
533.75,36.44,1212.53,sedan,134.19,1036.61
607.92,39.22,882.41,electric,65.52,876.79
563.71,39.97,949.47,electric,193.64,971.56
530.22,37.8,692.21,suv,157.21,1018.42
214.97,13.88,411.72,sedan,191.03,536.5
288.04,25.68,745.2,suv,101.48,688.88
342.79,36.59,722.79,sedan,52.72,692.09
350.52,13.53,307.36,suv,121.07,592.1
282.45,11.28,292.86,sedan,115.64,487.98
782.58,62.8,1217.14,sedan,167.52,1439.43
198.83,11.44,513.03,sedan,153.29,489.18
487.56,34.34,801.59,none,99.95,730.53
537.14,32.21,628.28,hybrid,52.32,780.05
946.49,71.45,1326.64,none,167.28,1416.74
706.74,43.75,652.6,sedan,106.96,1106.52
491.1,42.15,1770.36,sedan,57.53,1051.39
608.12,29.37,550.54,sedan,116.56,930.77
263.47,30.6,533.56,sedan,93.97,594.6
526.35,40.56,1668.53,none,176.92,876.15
569.04,49.6,1014.97,hybrid,143.51,1031.42
359.46,22.34,964.52,electric,173.37,670.68
181.7,15.62,350.28,sedan,83.54,396.55
536.94,31.25,915.37,suv,60.27,948.72
702.76,63.47,1434.2,sedan,181.66,1422.77
708.96,51.88,821.82,hybrid,113.82,1123.22
404.76,23.48,784.11,sedan,151.77,789.75
285.35,24.88,542.3,suv,114.45,644.4
447.1,50.56,1038.3,sedan,80.9,947.08
439.3,48.04,1313.09,suv,88.5,1075.54
273.8,16.97,411.33,none,125.39,467.24
312.6,29.98,518.89,suv,133.6,709.81
314.31,18.28,587.05,hybrid,172.1,616.84
336.54,17.9,491.03,hybrid,111.41,565
451.37,37.77,501.83,none,59.76,675.19
474.36,32.62,626.07,suv,172.7,938.54
266.89,14.23,393.96,hybrid,112.42,472.78
632.89,34.85,781.42,sedan,83.03,990.65
1000.13,64.4,1032.46,sedan,102.32,1549.63
472.86,54.44,1022.72,hybrid,134.1,959.93
196.11,7.96,336.57,suv,55.76,362.54
364.9,29.85,782.86,sedan,153.78,788.6
291.7,14.02,442.69,hybrid,164.04,550.96
298.23,20.56,875.91,sedan,65.63,606.63
575.94,33.01,1107.98,sedan,114.13,1018.37
413.94,26.4,561.08,suv,103.2,764.2
381.29,13.75,348.57,suv,109.06,619.86
550.77,41.73,434.06,hybrid,92.57,863.86
319.52,30.73,509.15,sedan,169.99,718.48
211.12,15.76,427.77,suv,159.96,544.66
488.95,41.35,709.36,sedan,137.42,934.11
444.94,28.43,623.24,suv,75.99,791.85
371.12,16.82,447.53,sedan,105.72,616.86
348.55,21.52,927.7,none,80.14,514.89
368.3,19.17,767.42,sedan,54.3,632.85
645.58,48.4,1208.97,sedan,192.58,1260.68
266.58,16.62,253.38,sedan,153.55,532.51
469.41,48.07,476.32,sedan,91.1,863.45
577.85,32.7,506.92,suv,57.5,889.18
439.72,32.78,647,sedan,94.11,788.87
267.32,18.66,612.61,sedan,184.28,639.36
461.16,37.27,655.92,hybrid,122.53,809.94
818.39,61.29,1225.53,none,70.46,1148.21
501.26,30.34,981.61,sedan,161.1,959.74
531.05,34.5,529.79,electric,135.13,833.05
238.87,21.07,871.96,hybrid,140.48,559.13
496.01,50.7,646.25,sedan,70.89,912.27
329.99,23.68,894.3,hybrid,176.6,695.15
176.63,7.71,225.15,sedan,127.76,371.64
191.44,12.23,316.06,sedan,87.85,385.7
585.16,43.58,676.49,hybrid,119.39,956.35
378.79,22.33,555.92,hybrid,142.25,664.65
316.3,13.17,258.84,sedan,109.17,516.57
333.38,28.85,430.49,sedan,121.13,658.22
462.25,33.71,662.67,none,140.17,744.07
537.21,42.2,775.7,hybrid,109.27,904.75
258.72,14.23,513.19,sedan,189.41,595.24
372.45,33.5,994.41,sedan,150.17,849.34
349.65,22.61,269.62,sedan,111.78,601.85
281.27,18.8,525.42,suv,141.43,631.19
283.96,27.61,286.36,sedan,181.39,640.5
621.78,38.45,667.05,suv,55.39,997.97
693.86,41.23,1268.05,sedan,120.83,1205.98
612.22,53.31,520.99,hybrid,85.53,983.41
301.57,21.6,171.43,sedan,51.15,473.92
276.92,24.92,584.6,hybrid,172.56,617.87
613.33,48.56,1434.29,none,108.84,930.46
253.15,10.65,232.09,sedan,145.06,476.19
843.13,64.67,1363.93,none,109.73,1228.14
536.8,47.84,795.18,sedan,127.86,1018.41
504.89,43.01,617.61,suv,185.37,1032.22
473.23,29.58,710.63,suv,134.31,904.11
702.24,60.35,1283.15,none,141.16,1107.1
653.79,32.75,554.67,sedan,175.72,1050.64
579.04,39.39,855.73,sedan,126.76,1022.26
345.82,39,525.86,sedan,108.15,727.64
285.82,9.72,326.55,suv,169.67,565.77
584.15,44.39,1331.71,none,114.12,886.82
577.62,36.3,694.35,electric,132.33,890.82
209.59,14.82,286.91,sedan,135.2,458.22
534.55,30.14,647.65,suv,112.61,926.04
531.96,28.32,646.23,sedan,196.59,952.42
368.13,29.73,962.62,none,120.3,616.53
675.38,47.94,1128.52,sedan,175.85,1254.42
454.68,24.12,602.07,suv,150.93,847.61
397.17,48.81,1172.96,suv,173.04,1090.38
193.28,15.63,272.01,sedan,171.24,480.83
453.51,26.87,734.08,suv,144.84,888.02
708.74,36.13,639.58,suv,133.86,1137.31
620.59,47.02,1600.07,sedan,150.91,1259.04
507.19,45.59,588.09,sedan,183.78,997.87
407.62,41.29,966.5,sedan,85.41,853.23
460.92,38.98,974.71,sedan,176.63,982.72
517.72,33.33,875.97,none,182.01,834.97
469.36,29.36,957.29,suv,196.31,1023.06
531.96,28.84,646.33,sedan,65.99,824.59
695.15,50.1,1698.71,sedan,122.08,1332.9
321.13,27.97,441.36,suv,164.17,718.18
541.83,41.21,1020.48,sedan,198.03,1098.61
172.27,13.11,290.74,sedan,128.46,408.74
791.63,57.44,1402.4,hybrid,190.75,1363.69
359.01,23.35,675.56,sedan,74.4,650.02
280.07,18.43,845.05,none,163.42,518.76
396.92,15.64,200.19,sedan,149.57,633.68
345.5,18.38,511.81,electric,87.07,527.92
605.35,35.84,987.27,sedan,108.79,1033.36
402.72,23.03,843.14,electric,181.04,715.78
285.85,26.06,640.76,sedan,170.45,686.91
738,66.37,1466.52,sedan,84.12,1378.81
349.51,31.96,512.98,sedan,118.65,701.9
390.72,21.79,453.81,hybrid,53.37,573.72
368.42,24.67,482.9,sedan,146.13,702.76
580.04,42.65,784.77,electric,88.17,887.08
317.67,19.25,178.4,sedan,142.56,568.93
504.42,52.9,1493.33,sedan,83.64,1096.86
305.9,25.19,805.98,none,171.58,586.5
358.02,13.23,223.89,suv,94.97,550.41
627.01,44.59,730.7,hybrid,158.79,1045.04
674.71,60.17,1483.13,sedan,179.66,1386.27
498.68,49.11,549.48,sedan,146.6,964.6
572.49,40.28,842.88,sedan,150,1041.89
379.5,27.87,884.9,sedan,182.73,838.84
209.57,18.57,296.53,hybrid,182.36,503.23
354.2,20.15,504.95,none,93.86,526.52
294.22,22,308.79,sedan,194.75,637.6
580.9,39.63,1462.69,sedan,135.76,1143.52
304.92,14.89,318.58,sedan,112.79,529.57
303.88,29.87,781.38,sedan,183.26,761.82
328.46,24.18,350.89,sedan,184.76,678.25
567.65,48.49,772.37,none,78.22,857.46
949.39,93.06,1450.11,sedan,96.92,1724.61
561.11,41.74,839.34,sedan,54.13,942.68
264.41,18.82,512.39,none,105.28,448.29
310.13,21.71,733.17,suv,95.42,679.09
290.76,28.75,625.44,sedan,164.16,696.61
582.94,43.59,727.52,sedan,53.82,952.11
491.98,40.01,1000.42,none,158.86,823.55
375.68,14.79,216.11,sedan,189.33,652.23
308.01,22.06,835.86,sedan,117.83,668.55
367.48,38.85,653.01,sedan,160.92,822.46
278.44,11.96,296.31,electric,173.97,508.33
604.58,41.88,1163.08,sedan,73.45,1060.95
603.9,35.5,1429.1,hybrid,131.1,1017.72
436.16,19.06,416,hybrid,150.91,694.81
364.9,21.57,434.12,hybrid,142.94,636.38
352.7,22.84,889.97,electric,152.33,642.37
291.7,19.67,498.43,sedan,192.54,654.89
257.15,11,421.61,hybrid,101.06,438.11
552.43,55.49,607.37,sedan,141.28,1052.96
392.35,37.64,530.11,sedan,55.48,711.35
352.53,32.1,756.99,suv,97.37,781.06
154.94,12.18,398.88,none,137.3,344.4
393.5,37.85,697.24,sedan,149.05,837.19
582.21,41.56,731.39,suv,197.73,1136.49
251.7,30.51,541.6,sedan,64.92,555.68
777.33,52.55,1022.04,none,103.19,1096.84
311.92,15.91,255.39,hybrid,50.63,447.48
218.85,18.08,459.11,suv,84.88,496.84
427.39,28.68,965.05,hybrid,118.35,760.04
200.65,14.18,420.87,sedan,118.74,454.24
393.17,27.24,481.42,sedan,153.85,746.59
719.94,58.08,1505.84,none,141.01,1111.17
393.91,45.34,531.19,suv,161.23,896.76
437.43,32.87,718.44,sedan,102.38,808.36
675.7,29.57,646.73,sedan,149.26,1044.06
602.04,42.11,1481.81,hybrid,144.13,1069.36
150.7,10.28,281.32,sedan,75.24,319.01
234.94,12.62,254.9,hybrid,92.09,400.6
354.29,14.49,409.86,hybrid,106.18,549.91
381.77,26.64,697.24,suv,104.54,771.27
591.15,40.37,1452.11,none,179.35,937.16
328.75,33.26,422.65,sedan,75.04,629.82
491.49,35.41,811.3,hybrid,88.9,809.86
291.37,18.46,223.16,sedan,92.1,498.15
300.39,23.66,608.45,hybrid,66.81,529.4
437.85,42.52,829.3,hybrid,58.78,769.88
304.98,31.27,537.06,sedan,146.42,689.4
513.47,36.75,1013.24,sedan,71.8,921.33
684.68,62.73,1336.19,sedan,72.74,1275.62
576.95,33.09,456.42,sedan,148.83,937.16
379.5,36.91,945.82,sedan,187.84,902.84
536.09,38.27,1334.27,hybrid,53.66,883.12
710.57,41.91,1112.17,sedan,101.84,1177.88
584.94,56.17,1655.21,sedan,101.29,1235.09
260.26,23.88,292.48,sedan,60.09,478.71
723.61,83.35,1152.49,sedan,145.21,1460.12
212.44,13.41,465.64,suv,114.49,497.44
479.64,38.45,761.89,sedan,61.85,844.02
356.01,27.4,837.08,hybrid,97.71,654.15
249.25,14.33,407.06,hybrid,187.16,533.13
315.28,18.93,492.78,hybrid,88.68,528.33
516,49.95,717.45,suv,114.45,1033.27
310.7,20.9,560.14,suv,163.56,700.23
222.03,13.22,192.98,sedan,58.93,368
969.12,63.24,1407.19,sedan,124.13,1604.2
257.37,23.67,662.7,suv,95.95,623.83
343.48,27.79,907.13,sedan,183.88,810.46
391.36,29.49,748.31,hybrid,117.36,708.56
693.36,37.15,806.58,electric,189.59,1064.72
635.17,40.35,818.07,sedan,66.74,1012.19
158.57,14.64,419.11,suv,127.71,455.97
236.93,14.82,439.86,suv,149.53,556.01
488.94,32.37,564.03,suv,183.88,946.29
269.11,12.8,234.24,sedan,98.7,456.27
230.08,9.98,380.07,sedan,164.37,497.36
858.09,68.7,1394.27,none,191.71,1345.25
312.71,28.46,655.87,suv,123.14,725.65
365.91,20.3,429.34,hybrid,192.27,679.42
563.99,31.33,583.92,electric,54.98,769.07
255.72,19.21,293.91,sedan,170.52,560.52
577.79,34.4,620.38,sedan,52.87,878.45
400.59,34.83,1085.49,suv,171.49,996.02
362.5,20.54,578.78,sedan,139.14,685.68
300.77,15.66,480,sedan,114.27,560.36
332.08,19.45,677.76,hybrid,190.42,666.78
328.08,24.22,729.49,sedan,77.79,639.31
210.93,16.69,379.92,sedan,194.18,545.07
375.81,30.89,440.81,hybrid,77.99,631.54
287.62,31.58,815.74,sedan,73,651.83
886.78,77.04,1201.01,none,100.28,1324.45
240.1,15.17,474.63,none,89.04,390.35
479.76,45.28,897.64,sedan,172.16,1015.12
269.96,22.6,435.94,sedan,133.15,579.78
400,13.65,346.82,suv,84.25,611.3
277.18,16.91,587.78,suv,186.24,677.82
466.47,54.87,940.47,hybrid,169.13,983.12
403.63,23.4,620.18,sedan,153.84,760.84
392.84,26.6,450.73,none,60.27,562.64
219.73,16.31,523.24,none,65.81,354.41
318.65,34.62,1171.09,hybrid,146.38,740.14
317.08,26.33,1050.44,hybrid,122.51,658.8
576.02,45.45,1385.53,hybrid,143.88,1053.25
552.5,50.33,495.06,suv,141.47,1040.31
669.4,58.74,1655.15,sedan,115.65,1340.73
816.39,67.85,1217.18,hybrid,139.44,1371.82
339.44,28.3,342.07,suv,74.72,622.52
485.02,24.67,631.28,electric,156.36,764.9
267.92,16.38,319.8,suv,103.81,517.04
359.32,21.2,1012.88,sedan,152.02,777.26
732.07,45.88,1616.67,hybrid,188.79,1267.1
818.37,56.94,1292.69,sedan,182.29,1469.64
368.65,22.7,635.55,suv,90.66,709.02
515.68,41.06,512.3,suv,113.73,933.83
501.53,34.88,734.01,suv,77.24,906.99
442.66,52.17,1234.67,sedan,156.09,1062.1
536,39.54,650.49,suv,74.18,939.46
440.41,35.52,599.28,hybrid,103.57,756.94
278.39,21.14,618.51,suv,151.4,674.2
365.84,23.33,556.91,sedan,114.36,674.84
229.71,18.27,307.13,hybrid,154.38,493.25
242.02,7.52,274.32,electric,192.51,468.76
693.27,56.91,1184.38,sedan,184.11,1336.75
399.3,28.88,571.76,suv,141.92,805.29
500.01,36.66,628.99,suv,81.36,892.91
264.29,18.18,374.46,sedan,98.22,505.12
361.22,24,608.63,suv,196.78,808.43
775.13,68.73,914.08,sedan,181.27,1423.21
339.82,17.56,490.95,hybrid,115.93,570.7
436.98,21.83,524.15,sedan,50.86,662.93
449.42,36.58,1646.22,sedan,70.17,973.84
437.42,40.2,712.84,sedan,77.98,821.76
951.88,62.31,1588.49,none,164,1369.96
330.56,28.93,280.74,sedan,66.02,573.98
287.91,25.8,718.21,suv,87.05,668.19
843.76,53.62,1297.35,sedan,156.8,1450.75
293.72,29.21,808.12,sedan,115.91,686.38
434.16,33.65,1064.64,sedan,59.29,828.71
502.5,35.49,747.05,suv,97.7,934.87
1027.53,68.97,1473.91,hybrid,149.75,1608.02
466.18,28.66,504.11,suv,192.71,899.53
277.26,15.19,543.74,suv,129.72,601.24
458.36,52.91,523.42,sedan,128.51,924.86
239.96,18.09,495.24,suv,105.19,545.65
240.29,16.3,324.81,sedan,171.79,537.71
433.21,46.98,523.21,sedan,190.52,932.26
272.08,9.95,247.34,electric,124.16,439.59
884.19,62.31,1708.06,none,109.03,1252.71
639.24,44.12,1145.65,sedan,111.27,1139.42
570.38,28.43,542.4,suv,195.21,1006.22
428.61,29.55,654.03,sedan,121.09,789.77
453.71,41.84,1034.18,sedan,195.96,1021.27
564.47,43.99,1113.59,sedan,102.97,1055.89
148.66,12.23,446.44,none,118.28,319.85
466.09,29.23,801.26,none,84,667.7
389.48,30.67,474.84,hybrid,67.96,636.31
497.49,37.56,825.43,hybrid,90.54,829.86
394.01,41.29,570.81,sedan,59.4,743.5
384.48,28.66,730.03,sedan,191.9,828.94
344.47,21.74,723.17,suv,90.62,703.52
594.61,38.44,686.65,none,174.87,925.66
251.2,12.51,565.48,hybrid,117.47,471.4
366.27,24.56,983.32,hybrid,68.72,634.22
195.92,8.89,289.72,sedan,184.27,463.79
288.67,24.92,828.77,suv,153.87,758.74
574.69,32.77,1450.99,suv,135.11,1200.24
289.83,30.51,483.15,sedan,100.22,615.53
473.34,26.73,588.7,suv,139.57,863.87
837.39,57.06,1227.59,sedan,74.21,1367.96
239.08,21.13,351.44,suv,110.22,530.01
478.08,48.41,527.99,sedan,179.27,970.73
769.19,84.35,1145.1,sedan,115.05,1475.85
457.7,23.46,496.02,suv,121.54,790.94
513.45,40.19,1335.74,none,154.4,839.77
201.9,11.1,268.2,hybrid,169.87,441.27
444.17,24.84,1084.7,sedan,193.35,928.89
280.84,18.61,559.24,none,84.49,441.52
365.29,23.45,515.96,suv,72.57,661.9
610.51,35.67,525.86,suv,158.41,1040.58
847.81,65.21,1049.43,none,198.68,1324.26
343.54,26.27,476.33,suv,60.66,635.05
282.42,20.18,276.28,sedan,57.77,474.28
523.81,49.11,711.29,sedan,164.37,1034.58
452.06,41.57,594.77,sedan,63.12,806.42
514.83,43.33,1138.1,none,58.68,761.99
251.92,12.82,379.12,sedan,76.89,444.82
432.4,29.52,603.15,suv,182.91,887.98
565.93,30.22,839.98,suv,74.82,965.64
386.09,15.63,229.44,sedan,113.96,593.33
380.99,31.94,938.88,suv,60.34,814.88
291.14,22.13,987.56,sedan,56.24,619.14
938.83,54.75,1209.44,sedan,116.32,1487.9
312.09,23.77,265.55,sedan,173.98,634.89
702.91,37.42,485.47,suv,51.25,1017.63
629.03,34.83,428.57,suv,82.65,953.07
321.26,13.23,310.94,electric,181.62,562.84
170.92,10.26,258.4,sedan,158.06,416.2
525.81,32.77,1302.47,suv,139.89,1122.93
367.08,31.34,724.04,suv,136.58,821.39
259.49,16.54,329.49,sedan,65.12,450.81
578.72,65.19,1538.46,suv,125.83,1388.36
412.89,15.27,353.71,electric,111.89,590.38
792.64,55.66,1646.71,none,125.01,1149.26
471.56,29.13,658.83,suv,89.64,842.57
347.14,23.47,672.65,none,88.82,532.59
196.7,9.65,333.84,sedan,65.8,358
618.53,45.61,539.88,hybrid,177.21,1041.96
376.42,19.15,519.11,suv,59.38,636.97
604.92,40.85,937.05,sedan,135.74,1077.46
587.32,28.4,665.87,suv,80.39,937.72
324.32,17.38,486.87,sedan,69.69,547.82
316.05,13.28,180.44,sedan,63.48,457.12
444.08,44.68,721.82,suv,127.71,953.54
484.26,31.92,766,sedan,115.73,868.31
288.4,26.26,493,suv,90.28,618.06
399.83,30.15,461.99,none,130.75,658.4
568.25,40.63,1640.56,sedan,147.67,1181.11
